"CO_PPI";"NO_PPI";"NO_PPI_MIN";"NO_PPI_ING"
"1021";"ALHOS COMUNS, FRESCOS OU REFRIGERADOS";"Alhos comuns, frescos ou refrigerados";"COMMON GARLIC, FRESH OR CHILLED"
"1025";"ALPISTE EM GRAOS";"Alpiste em grãos";"CANARY SEED IN BEANS"
"1031";"AMEIXAS E ABRUNHOS FRESCOS";"Ameixas e abrunhos frescos";"PLUMS AND SLOES FRESH"
"1035";"AMEIXAS SECAS";"Ameixas secas";"PRUNES"
"1041";"ARROZ EM GRAOS, INCLUSIVE ARROZ QUEBRADO";"Arroz em grãos, inclusive arroz quebrado";"RICE IN GRAINS, INCLUDING BROKEN RICE"
"1045";"AVELAS FRESCAS OU SECAS";"Avelãs frescas ou secas";"HAZELNUT FRESH OR DRIED"
"1049";"AZEITONAS CONSERVADAS COM AGUA SALGADA";"Azeitonas conservadas com agua salgada";"OLIVES PRESERVED WITH SALT WATER"
"1051";"ALGODAO EM BRUTO";"Algodão em bruto";"RAW COTTON"
"1052";"AMENDOIM EM GRAO";"Amendoim em grão";"PEANUTS, IN GRAINS"
"1053";"BACALHAUS E OUTS.PEIXES SECOS,MESMO SALG.MAS NAO DEFUM.";"Bacalhaus e outs.peixes secos,mesmo salg.mas não defum.";"CODFISH AND OTHER FISH DRIED, EVEN SALTED, NOT SMOKED"
"1055";"AMIANTO";"Amianto";"ASBESTOS"
"1063";"BENTONITA";"Bentonita";"BULBS, TUBERS, ETC. DORMANT CHANGES IN FLOWER"
"1065";"BORATOS NATURAIS E SEUS CONCENTRADOS";"Boratos naturais e seus concentrados";"NATURAL BORATES AND CONCENTRATES THEREOF"
"1071";"BORRACHA NATURAL,BALATA,GUTA-PERCHA,GUAIULE,CHICLE,ETC.";"Borracha natural,balata,guta-percha,guaiule,chicle,etc.";"NATURAL RUBBER, BALATA, GUTTA-PERCHA, GUAYULE, CHICLE, "
"1075";"CACAU INTEIRO OU PARTIDO, EM BRUTO OU TORRADO";"Cacau inteiro ou partido, em bruto ou torrado";"COCOA BEANS, WHOLE OR BROKEN, RAW OR ROASTED"
"1083";"ALUMINIO EM DESPERDICIOS E RESIDUOS";"Alumínio em desperdícios e resíduos";"ALUMINIUM AND WASTE"
"1084";"BOVINOS VIVOS";"Bovinos vivos";"LIVE CATTLE"
"1090";"GALOS E GALINHAS VIVOS (PINTOS)";"Galos e galinhas vivos (pintos)";"LIVE CHICKENS AND ROOSTERS (CHICKS)"
"1100";"CARNE DE BOVINO CONGELADA, FRESCA OU REFRIGERADA";"Carne de bovino congelada, fresca ou refrigerada";"BEEF FROZEN, FRESH OR CHILLED"
"1101";"CARNES DE OVINO E CAPRINO";"Carnes de ovino e caprino";"MEAT OF SHEEP AND GOATS"
"1103";"CEBOLAS FRESCAS OU REFRIGERADAS";"Cebolas frescas ou refrigeradas";"ONIONS FRESH OR CHILLED"
"1105";"CEVADA EM GRAOS";"Cevada em grãos";"BARLEY GRAIN"
"1109";"COQUES E SEMICOQUES DE HULHA,DE LINHITA OU DE TURFA,ETC";"Coques e semicoques de hulha,de linhita ou de turfa,etc";"COKE AND SEMI-COKE OF COAL, OF LIGNITE OR PEAT, ETC"
"1137";"CINZAS, DESPERDICIOS E RESIDUOS, DE METAIS PRECIOSOS";"Cinzas, desperdícios e resíduos, de metais preciosos";"ASH, RESIDUES AND WASTE OF PRECIOUS METALS"
"1139";"DESPERDICIOS E RESIDUOS DE COBRE";"Desperdícios e resíduos de cobre";"WASTE AND SCRAP OF IRON OR STEEL"
"1180";"FARELO E RESIDUOS DA EXTRACAO DE OLEO DE SOJA";"Farelo e resíduos da extração de óleo de soja";"OFFAL AND RESIDUES FROM SOYBEAN OIL"
"1185";"GAS NATURAL";"Gás natural";"NATURAL GAS"
"1201";"FUMO EM FOLHAS E DESPERDICIOS";"Fumo em folhas e desperdícios";"TOBACCO IN LEAVES AND WASTE"
"1224";"LIMOES E LIMAS, FRESCOS OU SECOS";"Limões e limas, frescos ou secos";"LEMONS AND LIMES, FRESH OR DRIED"
"1231";"ENXOFRE, EXC.O ENXOFRE SUBLIMADO,PRECIPITADO E COLOIDAL";"Enxofre, exc.o enxofre sublimado,precipitado e coloidal";"SULPHUR EXCLUSIVE SUBLIMED SULFUR, PRECIPITATED AND COL"
"1255";"MINERIOS DE ALUMINIO E SEUS CONCENTRADOS";"Minérios de alumínio e seus concentrados";"ALUMINUM ORE AND CONCENTRATES"
"1260";"MINERIOS DE MANGANES E SEUS CONCENTRADOS";"Minérios de manganês e seus concentrados";"MANGANESE ORE CONCENTRATES AND THEIR"
"1261";"FEIJAO PRETO, EM GRAOS, SECOS";"Feijão preto, em grãos, secos";"BLACK BEAN, IN GRAINS, DRY"
"1263";"FILES DE MERLUZA, CONGELADOS";"Filés de merluza, congelados";"HAKE FILLETS, FROZEN"
"1265";"FILES DE PEIXES CONGELADOS, EXCETO DE MERLUZA";"Filés de peixes congelados, exceto de merluza";"FROZEN FISH STEAKS, EXCEPT OF HAKE"
"1267";"FOSFATOS DE CALCIO E DE ALUMINOCALCICOS E CRE FOSFATADO";"Fosfatos de cálcio e de aluminocálcicos e cre fosfatado";"CALCIUM AND ALUMINOCALCIUM PHOSPHATES"
"1269";"MIUDEZAS DE BOVINOS, CONGELADAS, COMESTIVEIS";"Miudezas de bovinos, congeladas, comestíveis";"BOVINE OFFAL, FROZEN, EDIBLE"
"1271";"OVOS DE AVES PARA INCUBACAO";"Ovos de aves para incubação";"HATCHING EGGS POULTRY"
"1273";"PEIXES ESQUALOS CONGELADOS";"Peixes esqualos congelados";"FROZEN FISH DOGFISH"
"1275";"PRODUTOS HORTICOLAS SECOS";"Produtos hortícolas secos";"DRIED VEGETABLES"
"1285";"SARDINHAS CONGELADAS, EXCETO OS FILES CONGELADOS";"Sardinhas congeladas, exceto os filés congelados";"FROZEN SARDINES, EXCEPT THE FROZEN FILLETS"
"1287";"SEMENTES DE PRODUTOS HORTICOLAS";"Sementes de produtos hortícolas";"VEGETABLE SEEDS"
"1315";"SOJA EM GRAOS";"Soja em grãos";"SOYBEANS, WHETHER OR NOT BROKEN"
"1321";"TRIPAS DE ANIMAIS";"Tripas de animais";"GUTS AND STOMACHS OF ANIMALS, FRESH, SALTED OR DRIED"
"1325";"UVAS FRESCAS OU SECAS";"Uvas frescas ou secas";"GRAPES, FRESH OR DRIED"
"1331";"HULHAS,MESMO EM PO, MAS NAO AGLOMERADAS";"Hulhas,mesmo em pó, mas não aglomeradas";"COAL, IN POWDER, BUT NOT AGGLOMERATED"
"1380";"SALMOES-DO-PACIFICO, ETC.FRESCOS,REFRIG.EXC.FILES,ETC.";"Salmões-do-pacífico, etc.frescos,refrig.exc.filés,etc.";"PACIFIC SALMON, FRESH OR CHILLED"
"1461";"LEITE NAO CONCENTRADO NEM ADICIONADO DE ACUCAR, ETC.";"Leite não concentrado nem adicionado de açúcar, etc.";"MILK NOT CONCENTRATE NO ADDED SUGAR, ETC."
"1501";"MACAS FRESCAS";"Maças frescas";"FRESH APPLES"
"1503";"MINERIOS DE MOLIBDENIO E SEUS CONCENTRADOS";"Minérios de molibdênio e seus concentrados";"MOLYBDENUM ORES AND CONCENTRATES"
"1505";"MILHO EM GRAOS";"Milho em grãos";"CORN GRAINS"
"1507";"MINERIOS DE COBRE E SEUS CONCENTRADOS";"Minérios de cobre e seus concentrados";"COPPER ORES AND THEIR CONCENTRATES"
"1509";"MINERIOS DE ZINCO E SEUS CONCENTRADOS";"Minérios de zinco e seus concentrados";"ZINC ORES AND THEIR CONCENTRATES"
"1631";"OLEOS BRUTOS DE PETROLEO";"Óleos brutos de petróleo";"CRUDE OIL"
"1661";"PERAS FRESCAS";"Peras frescas";"FRESH PEARS"
"1701";"SEBOS DE BOVINOS, FUNDIDOS";"Sebos de bovinos, fundidos";"FATS OF BOVINE CATTLE, CAST"
"1705";"SORGO EM GRAOS";"Sorgo em grãos";"SORGHUM, IN GRAINS"
"1801";"TRIGO EM GRAOS";"Trigo em grãos";"WHEAT, IN GRAINS"
"1990";"DEMAIS PRODUTOS BASICOS";"Demais produtos básicos";"OTHER BASIC GOODS"
"2011";"AZEITE DE OLIVA, VIRGEM";"Azeite de oliva, virgem";"OLIVE OIL, VIRGIN"
"2015";"ALUMINIO EM BRUTO";"Alumínio em bruto";"RAW ALUMINUM"
"2016";"BORRACHA SINTETICA E BORRACHA ARTIFICIAL";"Borracha sintética e borracha artificial";"RUBBER AND RUBBER SYNTHETIC ARTIFICIAL"
"2017";"CATODOS DE COBRE E SEUS ELEMENTOS";"Catodos de cobre e seus elementos";"COPPER CATHODE"
"2018";"CATODOS DE NIQUEL";"Catodos de níquel";"NICKEL CATHODE"
"2028";"COUROS E PELES, EXCETO EM BRUTO";"Couros e peles, exceto em bruto";"HIDES AND SKINS, DEHAIRED EXCEPT CRUDE"
"2030";"ESTANHO EM BRUTO";"Estanho em bruto";"TIN CRUDE"
"2061";"FERRO-LIGAS";"Ferro-ligas";"FERRO-ALLOYS"
"2063";"GRANALHAS E POS DE FERRO OU ACO";"Granalhas e pós de ferro ou aço";"GRANULES AND POWDERS OF IRON OR STEEL"
"2075";"LIGAS DE ALUMINIO, EM BRUTO";"Ligas de alumínio, em bruto";"ALUMINUM ALLOY, RAW"
"2135";"CHUMBO EM FORMAS BRUTAS";"Chumbo em formas brutas";"UNWROUGHT LEAD"
"2141";"CLORETO DE POTASSIO";"Cloreto de potássio";"POTASSIUM CHLORIDE"
"2151";"MANGANES EM BRUTO";"Manganês em bruto";"MANGANESE, RAW"
"2153";"MATES DE NIQUEL E PRODS.INTERMED.METALURGIA DO NIQUEL";"Mates de níquel e prods.intermed.metalurgia do níquel";"MATES OF NICKEL AND NICKEL PRODS.INTERMED.METALURGIA"
"2161";"COBRE REFINADO (AFINADO), EXCETO OS CATODOS";"Cobre refinado (afinado), exceto os catodos";"REFINED COPPER (AFFINITY), EXCEPT TO THE CATHODE"
"2165";"OLEO DE DENDE, EM BRUTO";"Óleo de dendê, em bruto";"CRUDE PALM OIL"
"2167";"OLEO DE MILHO, EM BRUTO";"Óleo de milho, em bruto";"CORN OIL, CRUDE"
"2171";"OLEO DE GIRASSOL, EM BRUTO";"Óleo de girassol, em bruto";"SUNFLOWER OIL CRUDE"
"2180";"OLEO DE SOJA, EM BRUTO";"Óleo de soja, em bruto";"SOYBEAN OIL CRUDE"
"2188";"PALADIO EM FORMAS BRUTAS OU SEMIMANUFATURADOS OU EM PO";"Paládio em formas brutas ou semimanufaturados ou em pó";"PALADIUM IN UNWROUGHT OR SEMI-MANUFACTURED OR POWDER"
"2191";"PASTAS DE LINTERES DE ALGODAO";"Pastas de línteres de algodão";"PULP COTTON LINTER"
"2203";"PASTAS QUIMICAS DE MADEIRA";"Pastas químicas de madeira";"WOOD PULP"
"2204";"PEDRAS P/CALCETAR,PLACAS P/PAVIMENT.DE PEDRA NATURAL";"Pedras p/calcetar,placas p/paviment.de pedra natural";"SETTS, PLATES FOR PAVING STONE"
"2205";"PLATINA EM FORMAS BRUTAS OU SEMIMANUFATURADOS OU EM PO";"Platina em formas brutas ou semimanufaturados ou em pó";"PLATINUM IN UNWROUGHT OR SEMI-MANUFACTURED OR POWDER"
"2207";"PRODUTOS SEMIMANUFATURADOS DE FERRO OU ACOS";"Produtos semimanufaturados de ferro ou aços";"SEMI-FINISHED PRODUCTS IRON OR STEEL"
"2210";"RODIO EM FORMAS BRUTAS OU SEMIMANUFATURADOS OU EM PO";"Ródio em formas brutas ou semimanufaturados ou em pó";"RHODIUM IN UNWROUGHT OR SEMI-MANUFACTURED OR POWDER"
"2215";"SULFATO DE POTASSIO";"Sulfato de potássio";"POTASSIUM SULFATE"
"2235";"ZINCO EM BRUTO";"Zinco em bruto";"ZINC, RAW"
"2260";"SUCOS E EXTRATOS VEGETAIS E MATERIAS PECTICAS";"Sucos e extratos vegetais e matérias pécticas";"SAPS AND EXTRACTS AND PECTIC"
"2629";"NIQUEL NAO LIGADO, EXCETO OS CATODOS";"Níquel não ligado, exceto os catodos";"NICKEL, NOT ALLOYED, EXCEPT THE CATHODE"
"2681";"PRATA EM FORMAS BRUTAS";"Prata em formas brutas";"SILVER UNWROUGHT"
"2990";"DEMAIS PRODUTOS SEMIMANUFATURADOS";"Demais produtos semimanufaturados";"OTHER SEMIMANUFACTURED GOODS"
"3000";"ACIDOS CARBOXILICOS, SEUS ANIDRIDOS, HALOGENETOS, ETC.";"Ácidos carboxílicos, seus anidridos, halogenetos, etc.";"CARBOXYLIC ACIDS, THEIR ANHYDRIDES, HALIDES, ETC."
"3003";"ACIDO FOSFORICO (ORTOFOSFORICO)";"Ácido fosfórico (ortofosfórico)";"PHOSPHORIC ACID (ORTHOPHOSPHORIC)"
"3004";"ACITO ORTOBORICO";"Ácido ortobórico";"ACIT ORTHOBORIC"
"3005";"ACELERADORES DE REACAO E PREPARACOES CATALITICAS";"Aceleradores de reação e preparações catalíticas";"REACTION ACCELERATORS AND CATALYTIC PREPARATIONS"
"3006";"ACIDO SULFURICO";"Acido sulfúrico";"SULFURIC ACID"
"3007";"EPICLORIDRINA";"Epicloridrina";"EPICHLOROHYDRIN"
"3009";"ENDOSSULFAN";"Endossulfan";"ENDOSULFAN"
"3010";"OUTROS DISTRIBUIDORES/DOSEADORES DE SOLIDOS/LIQUIDOS";"Outros distribuidores/doseadores de sólidos/líquidos";"OTHER DISTRIBUTORS / DISPENSERSOF SOLID / LIQUID"
"3013";"ADITIVOS PARA OLEOS LUBRIFICANTES";"Aditivos para óleos lubrificantes";"ADDITIVES FOR LUBRICATING OILS"
"3015";"ADUBOS OU FERTILIZ.CONT.NITROGENIO,FOSFORO E POTASSIO";"Adubos ou fertiliz.cont.nitrogênio,fósforo e potássio";"FERTILIZERS CONTAINING NITROGEN, PHOSPHORUS AND POTASSI"
"3017";"ALCOOIS ACICLICOS E SEUS DERIVADOS HALOGENADOS, ETC.";"Álcoois acíclicos e seus derivados halogenados, etc.";"ACYCLIC ALCOHOLS AND THEIR HALOGENATED, ETC."
"3018";"ALCOOIS CICLICOS E SEUS DERIVADOS HALOGENADOS";"Álcoois cíclicos e seus derivados halogenados";"CYCLIC ALCOHOLS AND THEIR HALOGENATED"
"3019";"AMONIACO ANIDRO OU EM SOLUCAO AQUOSA (AMONIA)";"Amoníaco anidro ou em solução aquosa (amônia)";"ANHYDROUS AMMONIA OR IN AQUEOUS SOLUTION (AMON)"
"3021";"AMPLIFICADORES DE RADIOFREQUENCIA";"Amplificadores de radiofrequência";"RADIOFREQUENCY AMPLIFIERS"
"3022";"AMPOLAS DE VIDRO PARA TUBOS CATODICOS";"Ampolas de vidro para tubos catódicos";"AMPOULES OF GLASS FOR CATHODE RAY TUBES"
"3024";"ARTIGOS E APARS.DE PROTESE, DE ORTOPEDIA, E SUAS PARTES";"Artigos e apars.de prótese, de ortopedia, e suas partes";"ARTICLES AND APPARATUS PROSTHESIS, AND PARTS OF ORTHOPE"
"3026";"ETANOL";"Etanol";"ETHANOL"
"3028";"ANTIBIOTICOS";"Antibióticos";"ANTIBIOTICS"
"3030";"ANTIGUIDADES COM MAIS DE 100 ANOS";"Antiguidades com mais de 100 anos";"ANTIQUES WITH MORE THAN 100 YEARS"
"3031";"APARELHOS DE RAIOS X P/USO MEDICO,CIRURGICO OU VETERIN.";"Aparelhos de raios x p/uso médico,cirúrgico ou veterin.";"APPARATUS FOR X-RAYS FOR MEDICAL, SURGICAL OR VETERINAR"
"3034";"BARRAS, PERFIS, FIOS,CHAPAS,FOLHAS E TIRAS, DE ALUMINIO";"Barras, perfis, fios,chapas,folhas e tiras, de alumínio";"ALUMINUM IN BARS, PROFILES, WIRES, PLATES, SHEETS AND S"
"3036";"APARELHOS TELEFONICOS, VIDEOFONES";"Aparelhos telefônicos, videofones";"TELEPHONE SETS, VIDEOPHONES"
"3038";"AQUECEDORES,SECADORES E APARELHOS SEMELH.PARTES E PECAS";"Aquecedores,secadores e aparelhos semelh.partes e peças";"HEATER, DRYER OR HEAT EXCHANGER, AND SPARE PARTS"
"3039";"PLATINAS, AGULHAS, ETC, UTIL. NA FORMACAO DE MALHAS";"Platinas, agulhas, etc, util. na formação de malhas";"SYSTEM PARTS, NEEDLES, ETC. USED IN TRAINING OF KNITTIN"
"3040";"PNEUMATICOS";"Pneumáticos";"PNEUMATIC"
"3043";"ARMACOES PARA OCULOS E SUAS PARTES";"Armações para óculos e suas partes";"SPECTACLE FRAMES AND PARTS THEREOF"
"3045";"DISPOSIT.DE ARMAZENAM.NAO-VOLATIL,DADOS BASE SEMICONDUT";"Disposit.de armazenam.não-volátil,dados base semicondut";"SEMICONDUCTOR DEVICE FOR NON-VOLATILE DATA STORAGE"
"3046";"BARRAS, PERFIS, FIOS, CHAPAS, FOLHAS E TIRAS, DE COBRE";"Barras, perfis, fios, chapas, folhas e tiras, de cobre";"COPPER IN BARS, PROFILES, WIRES, PLATES, SHEETS AND STR"
"3053";"FOSFORO (ELEMENTO QUIMICO NAO METALICO)";"Fósforo (elemento químico não metálico)";"PHOSPHORUS (CHEMICAL ELEMENT NON-METALLIC)"
"3058";"BOLSAS, MESMO SEM ALCAS";"Bolsas, mesmo sem alças";"BARS, PROFILES AND WIRE OF NICKEL"
"3060";"BOMBAS, COMPRESSORES, VENTILADORES,ETC. E SUAS PARTES";"Bombas, compressores, ventiladores,etc. e suas partes";"PUMPS, COMPRESSORS, FANS, ETC. AND PARTS"
"3063";"BORRACHA MISTURADA NAO VULCANIZADA EM CHAPAS,FOLHAS,ETC";"Borracha misturada não vulcanizada em chapas,folhas,etc";"RUBBER MIXED UNVULCANIZED IN PLATES, SHEETS, ETC"
"3065";"OBRAS DE BORRACHA VULCANIZADA NAO ENDURECIDA, OUTRAS";"Obras de borracha vulcanizada não endurecida, outras";"RUBBER, UNVULCANIZED, IN PRIMARY FORMS, PLATES, SHEETS"
"3066";"OBRAS DE CIMENTO, CONCRETO OU PEDRA ARTIF. MESMO ARM.";"Obras de cimento, concreto ou pedra artif. mesmo arm.";"ARTICLES OF CEMENT, CONCRETE OR ARTIFICIAL STONE, WHETH"
"3067";"BREU OBTIDO DE ALCATROES MINERAIS";"Breu obtido de alcatrões minerais";"PITCH OBTAINED FROM MINERAL TARS"
"3070";"BRINQUEDOS,JOGOS E ARTIGOS PARA DIVERSAO E SUAS PARTES";"Brinquedos,jogos e artigos para diversão e suas partes";"TOYS, GAMES AND FUN ITEMS AND PARTS"
"3075";"CABOS E FIBRAS SINTETICAS OU ARTIFICIAIS";"Cabos e fibras sintéticas ou artificiais";"CABLES AND MAN-MADE FIBRES"
"3078";"CAIXAS DE RELOGIOS DE PULSO OU DE BOLSO E SUAS PARTES";"Caixas de relógios de pulso ou de bolso e suas partes";"BOXES OR WRIST WATCHES AND POCKET PARTS"
"3081";"CAIXAS, SACOS E OUTRAS EMBALAGENS, DE PAPEL OU DE PASTA";"Caixas, sacos e outras embalagens, de papel ou de pasta";"BOXES, BAGS AND OTHER CONTAINERS, OF PAPER OR PULP"
"3083";"CALCAS, JARDINEIRAS, ETC. DE USO FEMININO";"Calças, jardineiras, etc. de uso feminino";"BINS, BOXES, CRATES, ETC.DE WOOD"
"3090";"CAMARAS DE AR, DE BORRACHA";"Câmaras de ar, de borracha";"COLD AIR RUBBER"
"3091";"CAMINHOES-GUINDASTES";"Caminhões-guindastes";"TRUCK-MOUNTED CRANES"
"3092";"CAMISAS DE USO MASCULINO";"Camisas de uso masculino";"MEN'S SHIRTS"
"3093";"CANETAS E LAPISEIRAS E SUAS PARTES";"Canetas e lapiseiras e suas partes";"PENS AND MECHANICAL PENCILS AND PARTS"
"3096";"CALCADOS";"Calçados";"FOOTWEAR"
"3097";"CALCAS,JARDINEIRAS,BERMUDAS E ""SHORTS"",DE USO MASCULINO";"Calças,jardineiras,bermudas e ""shorts"",de uso masculino";"MEN'S TROUSERS, OVERALLS, BERMUDA SHORTS AND SHORTS"
"3098";"PREPARACOES E ARTIGOS FARMACEUTICOS P/CIRURGIA, ETC.";"Preparações e artigos farmacêuticos p/cirurgia, etc.";"PHARMACEUTICAL GOODS FOR SURGERY, ETC."
"3099";"CALDEIRAS DE VAPOR E ""DE AGUA SUPERAQUECIDA"" E PARTES";"Caldeiras de vapor e ""de agua superaquecida"" e partes";"STEAM BOILERS AND SUPERHEATED WATER AND PARTIES"
"3101";"COMPOSTOS DE FUNCAO CETONA OU DE FUNCAO QUINONA";"Compostos de função cetona ou de função quinona";"COMPOUND FUNCTION OF KETONETHE QUINONE FUNCTION"
"3103";"CHASSIS COM MOTOR E CARROCARIAS P/VEICULOS AUTOMOVEIS";"Chassis com motor e carroçarias p/veículos automóveis";"CHASSIS WITH ENGINES AND BODIES FOR MOTOR VEHICLES"
"3105";"PRODUTOS CERAMICOS REFRATARIOS";"Produtos cerâmicos refratários";"REFRACTORY CERAMIC PRODUCTS"
"3107";"CARBONATOS";"Carbonatos";"CARBONATES"
"3109";"CENTROS DE USINAGEM/MAQS.ESTACOES MULTIPL.P/TRAB.METAIS";"Centros de usinagem/máqs.estações multipl.p/trab.metais";"MACHINING CENTERS / STATIONS MULTIPLE MACHINES FOR WORK"
"3111";"CERAS ARTIFICIAIS OU PREPARADAS";"Ceras artificiais ou preparadas";"ARTIFICIAL WAX"
"3116";"CHAPAS E FILMES FOTOGRAFICOS, NAO IMPRESSIONADOS";"Chapas e filmes fotográficos, não impressionados";"PHOTOGRAPHIC PLATES AND FILM, UNEXPOSED"
"3117";"CIRCUITOS IMPRESSOS";"Circuitos impressos";"PRINTED CIRCUITS"
"3119";"COQUE DE PETROLEO";"Coque de petróleo";"PETROLEUM COKE"
"3121";"CHAPAS, FOLHAS, TIRAS, PELICULAS E LAMINAS, DE PLASTICO";"Chapas, folhas, tiras, películas e lâminas, de plástico";"PLATES, SHEETS, STRIPS, FILM AND STRIP, OF PLASTICS"
"3122";"COMPOSTOS ORGANO-INORGANICOS";"Compostos organo-inorgânicos";"ORGANIC / INORGANIC COMPOUNDS"
"3124";"CONDENSADORES ELETRICOS, FIXOS, VARIAVEIS OU AJUSTAVEIS";"Condensadores elétricos, fixos, variáveis ou ajustáveis";"ELECTRICAL CAPACITORS, FIXED, VARIABLE OR ADJUSTABLE"
"3125";"OXIDO DE ZINCO (BRANCO DE ZINCO)";"Óxido de zinco (branco de zinco)";"ZINC OXIDE (ZINC WHITE)"
"3126";"OXIDOS E HIDROXIDOS DE ALUMINIO";"Óxidos e hidróxidos de alumínio";"OXIDES AND HYDROXIDES ALUMINUM"
"3127";"LUVAS E OUTS.ACESS.DE BORRACHA VULCAN.NAO ENDURECIDA";"Luvas e outs.acess.de borracha vulcan.não endurecida";"OXIDES AND HYDROXIDES IRON"
"3129";"MAQUINAS E APARELHOS AUTOPROPULSORES";"Máquinas e aparelhos autopropulsores";"SELF-PROPELLED MACHINES AND APPARATUS"
"3130";"MAQUINAS E APARELHOS DE TERRAPLANAGEM, PERFURACAO, ETC.";"Máquinas e aparelhos de terraplanagem, perfuração, etc.";"MACHINERY AND EQUIPMENT EARTHMOVING, DRILLING, ETC."
"3131";"MAQUINAS E APARELHOS DE ELEVACAO DE CARGA,DESCARGA,ETC.";"Máquinas e aparelhos de elevacao de carga,descarga,etc.";"MACHINES AND APPARATUS FOR LIFTING, DISCHARGE, ETC."
"3135";"MAQUINAS-FERRAMENTAS A ""LASER"",POR ELETRO-EROSAO,ETC.";"Máquinas-ferramentas a ""laser"",por eletro-erosão,etc.";"MACHINES TOOLS LASER BY ELECTRO-EROSION, ETC."
"3136";"MAQUINAS E APARELHOS P/FABR.DE PASTA CELULOSICA E PAPEL";"Máquinas e aparelhos p/fabr.de pasta celulósica e papel";"MACHINES AND APPARATUS FOR MANUFACTURE OF PULP PULP AND"
"3139";"MAQUINAS E APARELHOS PARA USO AGRICOLA (EXCETO TRATOR)";"Máquinas e aparelhos para uso agrícola (exceto trator)";"MACHINES AND APPARATUS FOR AGRICULTURAL USE (EXCEPT TRA"
"3141";"MAQUINAS P/MONTAG.LAMPADAS,FABR/TRAB.A QUENTE DO VIDRO";"Máquinas p/montag.lâmpadas,fabr/trab.a quente do vidro";"MACHINES FOR ASSEMBLING LAMPS, MANUFACTURING HOT GLASS"
"3142";"MAQUINAS E APARELHOS P/ENCHER,FECHAR,EMPACOTAR,ETC.";"Máquinas e aparelhos p/encher,fechar,empacotar,etc.";"MACHINES AND APPARATUS FOR FILLING, CLOSING, PACKAGING,"
"3143";"MAQUINAS E APARS.P/FABR.OU CONSERTO DE CALCADOS,COUROS";"Máquinas e apars.p/fabr.ou conserto de calçados,couros";"MACHINES AND APPARATUS FOR MANUFACTURE OR REPAIR FOOTWE"
"3145";"MAQUINAS AUTOMATICAS P/PROCESS.DE DADOS E SUAS UNIDADES";"Máquinas automáticas p/process.de dados e suas unidades";"MACHINES AUTOMATIC DATA PROCESSING AND UNITS"
"3150";"MAQUINAS DE COSTURA, SUAS PARTES E PECAS";"Máquinas de costura, suas partes e peças";"SEWING MACHINES, PARTS AND PARTS"
"3152";"MAQUINAS DE VAZAR, PARA METALURGIA, ACIARIA OU FUNDICAO";"Máquinas de vazar, para metalurgia, aciaria ou fundição";"EMPTY MACHINES FOR METALLURGY STEELMAKING OR CASTING"
"3153";"DIODOS E TRANSISTORES,EXC.FOTODIODOS E FOTOTRANSISTORES";"Diodos e transístores,exc.fotodiodos e fototransístores";"DIODES AND TRANSISTORS EXCEPT PHOTODIODE AND PHOTOTRANS"
"3154";"DIOXIDOS DE SILICIO";"Dióxidos de silício";"SILICON DIOXIDE"
"3155";"DISCOS NAO GRAVAD.P/LEITURA A LASER,PODENDO GRAVAR 1VEZ";"Discos não gravad.p/leitura a laser,podendo gravar 1vez";"NOT RECORDED DISCS FOR LASER READING, WRITING AND MAY O"
"3156";"DICROMATO DE SODIO";"Dicromato de sódio";"SODIUM DICHROMATE"
"3157";"DISPOSITIVOS DE CRISTAIS LIQUIDOS (LCD)";"Dispositivos de cristais líquidos (lcd)";"LIQUID CRYSTAL DEVICES (LCD)"
"3159";"ELEMENTOS DE VIAS FERREAS DE FERRO FUNDIDO,FERRO OU ACO";"Elementos de vias férreas de ferro fundido,ferro ou aço";"RAILWAY MATERIAL OF IRON OR STEEL"
"3160";"ENERGIA ELETRICA";"Energia elétrica";"ELECTRIC ENERGY"
"3161";"ENZIMAS E ENZIMAS PREPARADAS";"Enzimas e enzimas preparadas";"ENZYMES AND PREPARED ENZYMES"
"3163";"GERADORES DE SINAIS ELETRICOS";"Geradores de sinais elétricos";"GENERATORS OF ELECTRICAL SIGNALS"
"3164";"GOMA XANTANA, EM FORMAS PRIMARIAS";"Goma xantana, em formas primárias";"XANTHAN GUM, IN PRIMARY FORMS"
"3165";"MAQUINAS-FERRAMENTAS PARA FORJAR,ESTAMPAR,ETC.METAIS";"Máquinas-ferramentas para forjar,estampar,etc.metais";"MACHINES OR TOOLS FOR WORKING METAL FORGE"
"3167";"ARTIGOS DE PLASTICO PARA TRANSPORTE OU PARA EMBALAGEM";"Artigos de plástico para transporte ou para embalagem";"ARTICLES OF PLASTIC, FOR PACKAGING"
"3169";"MAQUINAS-FERRAMENTAS P/FURAR,MANDRILAR E FRESAR METAIS";"Máquinas-ferramentas p/furar, mandrilar e fresar metais";"MACHINE TOOLS FOR DRILLING AND MILLING METALS"
"3171";"PARTES E ACESSORIOS PARA MAQUINAS-FERRAMENTAS";"Partes e acessórios para máquinas-ferramentas";"PARTS AND ACCESSORIES FOR MACHINE TOOLS"
"3172";"PARTES DE MOTORES PARA VEICULOS AUTOMOVEIS";"Partes de motores para veículos automóveis";"ENGINE PARTS FOR MOTOR VEHICLES"
"3173";"ELETRODOS";"Eletrodos";"ELECTRODES"
"3175";"ETIQUETAS DE QUALQUER ESPECIE, DE PAPEL OU CARTAO";"Etiquetas de qualquer espécie, de papel ou cartão";"LABELS OF ANY KIND, OF PAPER OR CARTON"
"3176";"CILINDROS P/FILTRO CIGARROS,DE PASTAS FIBRAS SINT/ARTIF";"Cilindros p/filtro cigarros,de pastas fibras sint/artif";"DRUMS FOR FILTER CIGARETTE OF PULP FIBERS SYNTHETIC"
"3177";"CIMENTOS HIDRAULICOS";"Cimentos hidráulicos";"HYDRAULIC CEMENTS"
"3181";"COMPOSTOS DE FUNCOES NITROGENADAS";"Compostos de funções nitrogenadas";"NITROGEN-FUNCTION COMPOUNDS"
"3183";"JUNTAS,GAXETAS,SEMELH.DE BORRACHA VULCAN.NAO ENDURECIDA";"Juntas,gaxetas,semelh.de borracha vulcan.não endurecida";"JOINTS AND GASKETS FOR VULCANIZED RUBBER"
"3188";"CORRENTES, DE FERRO FUNDIDO, FERRO OU ACO";"Correntes, de ferro fundido, ferro ou aço";"CHAIN OF IRON OR STEEL"
"3189";"MOTORES HIDRAULICOS E OUTROS MOTORES, E SUAS PARTES";"Motores hidráulicos e outros motores, e suas partes";"HYDRAULIC MOTORS AND OTHER ENGINES, AND PARTS"
"3190";"PARTES DE MOTORES E TURBINAS PARA AVIACAO";"Partes de motores e turbinas para aviação";"PIECES OF ENGINES AND TURBINES FOR AVIATION"
"3191";"MOTORES E TURBINAS PARA AVIACAO";"Motores e turbinas para aviação";"ENGINES AND TURBINES FOR AVIATION"
"3192";"MOTORES PARA PROPULSAO DE EMBARCACOES";"Motores para propulsão de embarcações";"ENGINES FOR BOAT PROPULSION"
"3193";"MOTORES PARA VEICULOS AUTOMOVEIS E SUAS PARTES";"Motores para veículos automóveis e suas partes";"ENGINES FOR MOTOR VEHICLES, AND THEIR PARTS"
"3194";"MOTORES DE PISTAO, OUTROS";"Motores de pistão, outros";"PISTON ENGINES, OTHER"
"3196";"POLIURETANOS";"Poliuretanos";"POLYURETHANES"
"3197";"POS E ESCAMAS DE NIQUEL";"Pós e escamas de níquel";"NICKEL IN FLAKES AND POWDER"
"3198";"PRODUTOS CONSTITUIDOS DO LEITE, OUTROS";"Produtos constituídos do leite, outros";"PRODUCTS CONTAINING MILK, OTHER"
"3199";"FLUORETOS";"Fluoretos";"FLUORIDES"
"3201";"FALSOS TECIDOS SINTETICOS OU ARTIFICIAIS";"Falsos tecidos sintéticos ou artificiais";"NONWOVENS MAN-MADE"
"3203";"FARINHA DE TRIGO";"Farinha de trigo";"WHEAT FLOUR"
"3205";"FITAS MAGNETICAS, NAO GRAVADAS";"Fitas magnéticas, não gravadas";"MAGNETIC TAPES, NOT RECORDED"
"3209";"FORNOS ELETR.INDUSTRIAIS OU DE LABORATORIO, SUAS PARTES";"Fornos elétr.industriais ou de laboratório, suas partes";"ELECTRICAL OVENS, INDUSTRIAL OR LABORATORY, PARTS"
"3211";"FORNOS INDUSTRIAIS OU DE LABORATORIO, NAO ELETRICOS";"Fornos industriais ou de laboratório, não elétricos";"INDUSTRIAL OR LABORATORY FURNACES, NON-ELETRIC"
"3213";"PRODUTOS DE CONFEITARIA SEM CACAU";"Produtos de confeitaria sem cacau";"CONFECTIONERY WITHOUT COCOA"
"3215";"FRITAS DE VIDRO E OUTS.VIDROS,EM PO,EM GRANULOS,ETC.";"Fritas de vidro e outs.vidros,em pó,em grânulos,etc.";"GLASS IN CHIPS, GRANULES, POWDER"
"3219";"GARRAFAS, FRASCOS E OUTROS RECIPIENTES DE VIDRO";"Garrafas, frascos e outros recipientes de vidro";"BOTTLES, BOTTLES AND OTHER GLASS CONTAINERS"
"3221";"PRODUTOS IMUNOLOGICOS MODIF.EXC.OS PREPAR.COMO MEDICAM.";"Produtos imunológicos modif.exc.os prepar.como medicam.";"MODIFIED IMMUNOLOGICAL PRODUCTS, EXCEPT THE PREPARATION"
"3223";"OBRAS DE TITANIO";"Obras de titânio";"ARTICLES OF TITANIUM"
"3233";"GAS BUTANO LIQUEFEITO";"Gás butano liquefeito";"GAS BUTANE, LIQUEFIED"
"3235";"CIRCUITOS INTEGRADOS E MICROCONJUNTOS ELETRONICOS";"Circuitos integrados e microconjuntos eletrônicos";"INTEGRATED CIRCUITS AND MICROELETRONICS"
"3236";"CONSTRUCOES PRE-FABRICADAS";"Construções pré-fabricadas";"PREFABRICATED BUILDINGS"
"3237";"GAS PROPANO LIQUEFEITO";"Gás propano liquefeito";"PROPANE LIQUEFIED GAS"
"3238";"COBERTORES E MANTAS";"Cobertores e mantas";"BLANKETS"
"3239";"COLAS E OUTROS ADESIVOS PREPARADOS";"Colas e outros adesivos preparados";"GLUES AND OTHER PREPARED ADHESIVES"
"3241";"COLMEIA DE CERAM.DE ALUMINA,SILICA E OXIDO MAGNESIO,ETC";"Colmeia de cerâm.de alumina,sílica e óxido magnésio,etc";"HIVE OF CERAMIC ALUMINA, SILICA AND MAGNESIUM OXIDE, ET"
"3245";"CRISTAIS PIEZOELETRICOS MONTADOS";"Cristais piezoelétricos montados";"PIEZOELECTRIC CRYSTALS MOUNTED"
"3251";"HELICOPTEROS";"Helicópteros";"HELICOPTERS"
"3252";"HEXANO COMERCIAL";"Hexano comercial";"COMMERCIAL HEXANE"
"3253";"ELEMENTOS QUIMICOS E ISOTOPOS, RADIOATIVOS";"Elementos químicos e isótopos, radioativos";"CHEMICAL ELEMENTS AND ISOTOPES, RADIOACTIVE"
"3254";"ESPELHOS RETROVISORES PARA VEICULOS";"Espelhos retrovisores para veículos";"REARVIEW MIRROS FOR VEHICLES"
"3257";"ETERES ALCOOLICOS E SEUS DERIVADOS";"Éteres alcoólicos e seus derivados";"ETHER DERIVATIVES AND THEIR SPIRITS"
"3259";"FACAS, NAVALHAS, APARELHOS DE BARBEAR E TESOURAS";"Facas, navalhas, aparelhos de barbear e tesouras";"KNIVES, BLADES, SHAVING INSTRUMENTS AND SCISSORS"
"3260";"FERRAGENS PARA PORTAS E JANELAS, DE METAIS COMUNS";"Ferragens para portas e janelas, de metais comuns";"HARDWARE FOR DOORS AND WINDOWS, BASE METAL"
"3261";"FIBRAS OPTICAS";"Fibras ópticas";"OPTICAL FIBER"
"3262";"FERRAMENTAS ELETROMECANICAS COM MOTOR, DE USO MANUAL";"Ferramentas eletromecânicas com motor, de uso manual";"ELECTROMECHANICAL TOOLS WITH MOTOR, MANUAL OF USE"
"3265";"FERRAMENTAS DE USO MANUAL OU PARA USO EM MAQUINAS";"Ferramentas de uso manual ou para uso em máquinas";"MANUAL TOOLS OR MACHINES FOR USE IN"
"3267";"FIBRAS DE VIDRO E SUAS OBRAS";"Fibras de vidro e suas obras";"FIBER GLASS AND GLASSWARE"
"3268";"FIOS,CABOS E CONDUTORES PARA USO ELETRICO";"Fios,cabos e condutores para uso elétrico";"WIRES, CABLES AND CONDUCTORS FOR ELECTRICAL"
"3269";"FIOS,VARETAS, ELETRODOS, ETC.P/SOLDAR, DE METAIS COMUNS";"Fios, varetas, eletrodos, etc./soldar, de metais comuns";"WIRE, RODS, ELECTRODES, ETC. WELDING, BASE METAL"
"3271";"FIOS DE ALGODAO";"Fios de algodão";"COTTON YARN"
"3275";"FIOS DE FIBRAS TEXTEIS, SINTETICAS OU ARTIFICIAIS";"Fios de fibras têxteis, sintéticas ou artificiais";"FILAMENT YARN, SYNTHETIC OR ATIFICIAL"
"3276";"FIOS E CORDAS DE BORRACHA VULCANIZADA";"Fios e cordas de borracha vulcanizada";"WIRES AND ROPES OF VULCANIZED RUBBER"
"3278";"INSTRUMENTOS E APARELHOS PARA NAVEGACAO AEREA";"Instrumentos e aparelhos para navegação aérea";"INSTRUMENTS AND APPARATUS FOR AIR NAVIGATION"
"3279";"INSTRUMENTOS MUSICAIS DE SOM PRODUZIDO/AMPLIF.ELETRICAM";"Instrumentos musicais de som produzido/amplif.eletricam";"MUSICAL INSTRUMENT OF SOUND AMPLIFIED ELECTRICALLY"
"3289";"IATES,BARCOS,CANOAS E EMBARCACOES DE RECREIO OU ESPORTE";"Iates,barcos,canoas e embarcações de recreio ou esporte";"YACHTS, BOATS, CANOES, FOR SPORT OR RECREATION"
"3290";"IMAS PERMANENTES DE METAL,E ARTEFAT.MAGNETIZAV.P/IMAS";"Ímãs permanentes de metal,e artefat.magnetizav.p/ímãs";"SILK YARN NOT PUT UP FOR RETAIL SALE"
"3291";"IMPRESSOS PUBLICITARIOS, ESTAMPAS, GRAVURAS, ETC.";"Impressos publicitários, estampas, gravuras, etc.";"ADVERTISING MATERIAL, PRINTS, PICTURES, ETC."
"3293";"INSETICIDAS, FORMICIDAS, HERBICIDAS E PRODS.SEMELHANTES";"Inseticidas, formicidas, herbicidas e prods.semelhantes";"INSETICIDES, PESTICIDES, HERBICIDES AND SIMILAR PRODUCT"
"3294";"IODO";"Iodo";"IODINE"
"3295";"GASOLINA";"Gasolina";"GASOLINE"
"3296";"GAS NATURAL LIQUEFEITO";"Gás natural liquefeito";"NATURAL GAS, LIQUEFIED"
"3298";"MOTORES,GERADORES E TRANSFORMADORES ELETR.E SUAS PARTES";"Motores,geradores e transformadores elétr.e suas partes";"MOTORS, GENERATORS AND ELECTRICAL TRANSFORMERS AND PART"
"3300";"CHOCOLATE E PREPARACOES ALIMENTICIAS COM CACAU";"Chocolate e preparações alimentícias com cacau";"CHOCOLATE AND FOOD PREPARATIONS CONTAINING COCOA"
"3301";"LEITE E CREME DE LEITE CONCENTRADO/ADICION.ACUCAR,ETC.";"Leite e creme de leite concentrado/adicion.açúcar,etc.";"MILK AND CREAM CONCENTRATE ADDED SUGAR, ETC."
"3307";"JUNTAS METALOPLASTICAS, JOGOS OU SORTIDOS DE JUNTAS";"Juntas metaloplásticas, jogos ou sortidos de juntas";"GASKETS GAMES OR SETS OF JOINTS"
"3309";"LEVEDURAS";"Leveduras";"YEAST"
"3315";"CORDAS E CABOS DE FERRO OU ACO,NAO ISOLADOS P/USO ELETR";"Cordas e cabos de ferro ou aço,não isolados p/uso elétr";"ROPES AND CABLES OF IRON OR STEEL, NOT ISOLATED FOR ..."
"3320";"CORREIA TRANSPORTADORA/TRANSMISSAO,DE BORRACHA VULCANIZ";"Correia transportadora/transmissão,de borracha vulcaniz";"CONVEYOR / TRANSMISSION, OF VULCANIZED RUBBER"
"3329";"HETEROSIDIOS E ALCALOIDES VEGETAIS,NATURAIS/REPRODUZIDO";"Heterosídios e alcaloides vegetais,naturais/reproduzido";"GLYCOSIDES AND VEGETABLE ALKALOIDS, NATURAL / REPRODUCE"
"3333";"APARELHOS ELETRICOS DE SINALIZACAO ACUSTICA OU VISUAL";"Aparelhos elétricos de sinalização acústica ou visual";"ELECTRICAL SIGNALING SOUND OR VISUAL"
"3338";"MEDICAMENTOS PARA MEDICINA HUMANA E VETERINARIA";"Medicamentos para medicina humana e veterinária";"MEDICATIONS FOR HUMAN AND VETERINARY MEDICINE"
"3339";"METILOXIRANO (OXIDO DE PROPILENO)";"Metiloxirano (óxido de propileno)";"METILOXIRANO (PROPYLENE OXIDE)"
"3340";"MEIOS DE CULTURA PREPARS.P/DESENVOLV.DE MICRORGANISMOS";"Meios de cultura prepars.p/desenvolv.de microrganismos";"PREPARED CULTURE MEDIA FOR DEVELOPMENT OF MICROORGANISM"
"3341";"MOVEIS E SUAS PARTES, EXCETO MEDICO-CIRURGICOS";"Moveis e suas partes, exceto medico-cirúrgicos";"FURNITURE AND PARTS, EXCEPT MEDICAL-SURGICAL"
"3343";"MAQUINAS-FERRAMENTAS P/TRABALHAR MADEIRA,CORTICA,ETC.";"Máquinas-ferramentas p/trabalhar madeira,cortiça,etc.";"MACHINES-TOOLS FOR WORKING WOOD, CORK, ETC."
"3345";"MAQUINAS-FERRAMENTAS P/TRAB.METAIS SEM ELIM.DE MATERIAS";"Máquinas-ferramentas p/trab.metais sem elim.de matérias";"MACHINES-TOOLS FOR WORKING METAL WITHOUT DISPOSAL OF MA"
"3347";"MAQUINAS-FERRAMENTAS P/TRAB.PEDRAS,PRODS.CERAMICOS,ETC.";"Máquinas-ferramentas p/trab.pedras,prods.cerâmicos,etc.";"MACHINES-TOOLS FOR WORKING STONE, CERAMICS, ETC."
"3349";"MICROFONES E ALTO-FALANTES E SUAS PARTES";"Microfones e alto-falantes e suas partes";"MICROPHONES AND SPEAKERS AND PARTS"
"3351";"APARELHOS E DISPOSITIVOS ELETR.DE IGNICAO OU ARRANQUE";"Aparelhos e dispositivos eletr.de ignição ou arranque";"APPLIANCES AND FIXTURES OF IGNITION OR STARTING"
"3353";"APARELHOS E DISPOSITIVOS PARA FOTOGRAFIA E SUAS PARTES";"Aparelhos e dispositivos para fotografia e suas partes";"APPARATUS AND APPLIANCES AND PARTS FOR CAMERAS"
"3354";"APARELHOS E MATERIAL P/LABORAT.FOTOGRAFICO/CINEMATOGRAF";"Aparelhos e material p/laborat.fotográfico/cinematográf";"LABORATORY EQUIPMENT AND MATERIAL FOR PHOTOGRAPHY / CIN"
"3355";"APARELHOS ELETR.DE ILUMINACAO/SINALIZ.P/AUTOMOVEIS,ETC.";"Aparelhos eletr.de iluminação/sinaliz.p/automóveis,etc.";"ELECTRICAL LIGHTING SIGNS FOR MOTOR VEHICLES, ETC"
"3356";"MALAS, MALETAS, PASTAS, BAUS E ARTEFATOS SEMELHANTES";"Malas, maletas, pastas, baús e artefatos semelhantes";"BAGS, SUITCASES, BRIEFCASES, TRUNKS AND SIMILAR CONTAIN"
"3357";"MALTE INTEIRO OU PARTIDO, NAO TORRADO";"Malte inteiro ou partido, não torrado";"MALT WHOLE OR BROKEN, NOT ROASTED"
"3359";"MANTEIGA";"Manteiga";"BUTTER"
"3360";"APARELHOS ELETR.DE COMUTACAO P/TELEFONIA E TELEGRAFIA";"Aparelhos eletr.de comutação p/telefonia e telegrafia";"ELECTRICAL APPARATUS FOR SWITCHING TELEPHONE AND TELEGR"
"3361";"MAQUINAS E APARS.P/AMASSAR,MISTURAR,MOER POS,PASTAS,ETC";"Máquinas e apars.p/amassar,misturar,moer pós,pastas,etc";"MACHINES AND APPARATUS FOR WRINKLE, MIXING, GRINDING PO"
"3362";"APARELHOS ELETRICOS PARA TELEFONIA OU TELEGRAFIA,OUTROS";"Aparelhos elétricos para telefonia ou telegrafia,outros";"ELECTRICAL EQUIPMENT FOR TELEPHONY OR LINE TELEGRAPHY, "
"3363";"MAQS.E APARS.IMPRESSAO,TIPOGRAFICA OU POR OFSETE,ETC.";"Máqs.e apars.impressão,tipográfica ou por ofsete,etc.";"MACHINERY AND EQUIPMENT PRINTING, OFFSET PRINTING OR, E"
"3364";"CIRCUITOS IMPRESSOS E OUTS.PARTES P/APARS.DE TELEFONIA";"Circuitos impressos e outs.partes p/apars.de telefonia";"PRINTED CIRCUITS AND OTHER PARTS FOR TELEPHONE APPARATU"
"3365";"APARELHOS ELETRO-MECANICOS OU TERMICOS, USO DOMESTICO";"Aparelhos eletromecânicos ou térmicos, uso doméstico";"EQUIPMENT ELECTRO MECHANICAL OR THERMAL, DOMESTIC USE"
"3367";"MAQUINAS E APARELHOS PARA TINGIR, ETC. MATERIAS TEXTEIS";"Máquinas e aparelhos para tingir, etc. matérias têxteis";"MACHINES AND EQUIPMENT FOR TEXTILE DYEING"
"3369";"CENTRIFUGADORES E APARELHOS PARA FILTRAR OU DEPURAR";"Centrifugadores e aparelhos para filtrar ou depurar";"CENTRIFUGAL AND APPARATUS FOR FILTERING OR DEBUG"
"3371";"MAQS.P/EXTRUDAR,ESTIRAR,ETC.MATERIAS TEXTEIS SINT.ARTIF";"Máqs.p/extrudar,estirar,etc.matérias têxteis sint.artif";"MACHINES FOR EXTRUDING, STRETCH TEXTILE MAN-MADE"
"3372";"APARELHOS DE FOTOCOPIA E DE TERMOCOPIA";"Aparelhos de fotocópia e de termocópia";"APPLIANCES PHOTOCOPYING AND THERMO-COPYING"
"3373";"MAQUINAS-FERRAMENTAS PARA RETIFICAR OU BRUNHIR METAIS";"Máquinas-ferramentas para retificar ou brunhir metais";"MACHINES TOOLS TO CORRECT OR BRUNHES METALS"
"3374";"APARELHOS DE GRAVACAO E REPRODUCAO DE SOM";"Aparelhos de gravação e reprodução de som";"SOUND RECORDING AND REPRODUCTION OF SOUND"
"3375";"MAQUINAS DE COMPOR CARACTER.TIPOGRAF.PROCESSO FOTOGRAF.";"Máquinas de compor caracter.tipográf.processo fotográf.";"PHOTOTYPESETTING AND COMPOSING MACHINES"
"3376";"APARELHOS PARA INTERRUPCAO E PROTECAO DE ENERGIA";"Aparelhos para interrupção e proteção de energia";"APPARATUS FOR INTERRUPTION PROTECTION, ENERGY, AND PART"
"3377";"APARELHOS DE OXIGENOTERAPIA";"Aparelhos de oxigenoterapia";"OXYGEN EQUIPMENT"
"3379";"MAQUINAS E APARELHOS PARA SOLDAR,ELETRICOS,A LASER,ETC.";"Máquinas e aparelhos para soldar,elétricos,a laser,etc.";"WELDING MACHINES AND EQUIPMENT, ELECTRICAL, LASER, ETC."
"3381";"APARELHOS TRANSMISSORES OU RECEPTORES, OUTROS";"Aparelhos transmissores ou receptores, outros";"TRASNMISSION OR RECEPTION DEVICES AND COMPONENTS"
"3383";"APARELHOS MECANICOS P/PROJETAR/PULVERIZAR LIQUIDOS/POS";"Aparelhos mecânicos p/projetar/pulverizar líquidos/pós";"APPARATUS FOR MECHANICAL DESIGN / SPRAY LIQUIDS / POWDE"
"3385";"MAQUINAS E APARS.P/BROCHURA/ENCADERNACAO E SUAS PARTES";"Máquinas e apars.p/brochura/encadernação e suas partes";"MACHINES AND APPLIANCES FOR BROCHURE / BINDING AND PART"
"3387";"MAQUINAS PARA FIACAO DE MATERIAS TEXTEIS";"Máquinas para fiação de matérias têxteis";"MACHINES FOR TEXTILE SPINNING"
"3391";"GAS LIQUEFEITO DE PETROLEO (GLP)";"Gás liquefeito de petróleo (GLP)";"LIQUEFIED PETROLEUM GAS (LPG)"
"3393";"MOLDES PARA BORRACHA OU PLASTICO,METAIS,VIDROS,ETC.";"Moldes para borracha ou plástico,metais,vidros,etc.";"MOULDS FOR METAL, GLASS, MINERALS, RUBBER OR PLASTIC"
"3395";"MISTURA DE SUBST.ODORIF.P/IND.ALIMENTAR,DE BEBIDAS,ETC.";"Mistura de subst.odorif.p/ind.alimentar,de bebidas,etc.";"MIXTURE OF ODORIFEROUS SUBSTANCES FOR FOOD, BEVERAGE, E"
"3399";"MOLAS E FOLHAS DE MOLAS, DE FERRO OU ACO";"Molas e folhas de molas, de ferro ou aço";"SPRINGS AND LEAVES FOR SPRINGS, OF IRON OR STEEL"
"3401";"NAFTAS";"Naftas";"NAPHTA"
"3407";"NEGROS-DE-CARBONO E OUTRAS FORMAS DE CARBONO";"Negros-de-carbono e outras formas de carbono";"BLACK-TO-CARBON AND OTHER FORMS OF CARBON"
"3409";"NITRATO DE AMONIO, MESMO EM SOLUCAO AQUOSA";"Nitrato de amônio, mesmo em solução aquosa";"AMMONIUM NITRATE IN AQUEOUS SOLUTIONS"
"3411";"AUTOMOVEIS DE PASSAGEIROS";"Automóveis de passageiros";"PASSENGER CARS"
"3413";"APARS.ELETR.P/TELECOM.DIGIT.CORRENTE PORTAD.P/TELEFONIA";"Apars.elétr.p/telecom.digit.corrente portad.p/telefonia";"APPARATUS, FOR CARRIER-CURRENT LINE SYSTEMS OR FOR DIGI"
"3417";"OBRAS DE FERRO OU ACO, OUTRAS";"Obras de ferro ou aço, outras";"ARTICLES OF IRON OR STEEL, OTHER"
"3421";"AVIOES";"Aviões";"AIRCRAFT"
"3423";"AZEITE DE OLIVA REFINADO";"Azeite de oliva refinado";"REFINED OLIVE OIL"
"3425";"APARELHOS DE AR CONDICIONADO";"Aparelhos de ar condicionado";"GROUP FOR AIR CONDITIONING"
"3427";"OBRAS DE PLASTICO, OUTRAS";"Obras de plástico, outras";"ARTICLES OF PLASTIC, OTHER"
"3429";"APARELHOS DE RADIO MESMO COM APARS.DE GRAV.REPROD.SOM";"Aparelhos de radio mesmo com apars.de grav.reprod.som";"EVEN WITH RADIO EQUIPMENT APPARATUS FOR RECORDING / REP"
"3431";"PARTES DE APARELHOS TRANSMISSORES OU RECEPTORES";"Partes de aparelhos transmissores ou receptores";"PIECES OF EQUIPMENT TRANSMITTERS OR RECEIVERS"
"3432";"EMBARCACOES";"Embarcações";"SHIPS"
"3433";"APARELHOS DE RADIONAVEGACAO OU RADIOSSONDAGEM (RADAR)";"Aparelhos de radionavegaçãoo ou radiossondagem (radar)";"EXTRACTS AND JUICES OF MEAT, ETC."
"3435";"MATERIAS CORANTES, PREPARS.E PRODS.LUMINOFOROS, OUTRAS";"Matérias corantes, prepars.e prods.luminóforos, outras";"REFINED OIL OF COTTON"
"3436";"OLEO DE ALGODAO, EXCETO REFINADO OU EM BRUTO";"Óleo de algodão, exceto refinado ou em bruto";"OIL OF COTTON, NOT REFINED OR CRUDE"
"3437";"APARELHOS TRANSMISSORES/RECEPT.DE RADIOTELEFON.DIGITAIS";"Aparelhos transmissores/recept.de radiotelefon.digitais";"EQUIPMENT TRANSMITTERS / RECEIVERS DIGITAL RADIOTELEPHO"
"3439";"APARELHOS TRANSMISSORES DE TELEVISAO,RADIODIFUSAO,ETC.";"Aparelhos transmissores de televisão,radiodifusão,etc.";"EQUIPMENT TRANSMITTERS TELEVISION, BROADCASTING, ETC."
"3441";"APARELHOS TRANSMISSORES/RECEPTORES DE TELECOM.SATELITE";"Aparelhos transmissores/receptores de telecom.satélite";"EQUIPMENT TRANSMITTERS / RECEIVERS SATELLITE TELECOMMUN"
"3443";"APARELHOS TRANSMISSORES/RECEPTORES DE TELEFONIA CELULAR";"Aparelhos transmissores/receptores de telefonia celular";"EQUIPMENT TRANSMITTERS / RECEIVERS CELL PHONE"
"3445";"APARELHOS TRANSMISSORES/RECEPTORES TIPO ""RADIO MODEM""";"Aparelhos transmissores/receptores tipo ""radio modem""";"EQUIPMENT TRANSMITTERS / RECEIVERS TYPE ""RADIO MODEM"""
"3447";"APARELHOS TRANSMISSORES/RECEPT.DE SISTEMA TRONCALIZADO";"Aparelhos transmissores/recept.de sistema troncalizado";"EQUIPMENT TRANSMITTERS / RECEIVERS TRUNKING SYSTEM"
"3449";"PARTES E ACESS.P/OUTS.MAQS.APARS.INSTRUM.DE OPTICA,ETC.";"Partes e acess.p/outs.máqs.apars.instrum.de óptica,etc.";"OTHER PARTS AND ACCESSORIES FOR MACHINERY, EQUIPMENT, O"
"3450";"PARTES E PECAS PARA VEICULOS AUTOMOVEIS E TRATORES";"Partes e pecas para veículos automóveis e tratores";"PARTS AND PIECES OF MOTOR, VEHICLES AND TRACTORS"
"3451";"OCULOS DE SOL";"Óculos de sol";"SUNGLASSES"
"3453";"OLEO DE PALMISTE REFINADO";"Óleo de palmiste refinado";"OIL ""PALMER"" REFINED"
"3459";"OLEO DE GIRASSOL REFINADO";"Óleo de girassol refinado";"REFINED SUNFLOWER OIL"
"3460";"TRATORES";"Tratores";"TRACTORS"
"3461";"PASTAS, GAZES E ATADURAS CONT.SUBSTANCIAS FARMACEUTICAS";"Pastas, gazes e ataduras cont.substâncias farmacêuticas";"PULP, GAUZE AND BANDAGES CONTAINING PHARMACEUTICAL SUBS"
"3463";"PECAS ISOLANTES PARA MAQUINAS,APARS.E INSTALACOES ELETR";"Peças isolantes para máquinas,apars.e instalações elétr";"INSULATING PARTS FOR MACHINES, APARS.E ELECTRICAL INSTA"
"3470";"VEICULOS DE CARGA";"Veículos de carga";"CARGO VEHICLES"
"3475";"GUARNICOES PARA FREIOS";"Guarnições para freios";"BRAKE LININGS"
"3490";"VEICULOS E MATERIAIS PARA VIAS FERREAS";"Veículos e materiais para vias férreas";"VEHICLES AND MATERIALS TRAMWAY"
"3500";"INSTRUMENTOS E APARELHOS MEDICOS";"Instrumentos e aparelhos médicos";"MEDICAL INSTRUMENTS AND APPLIANCES"
"3501";"PAPEL E CARTAO REVESTIDOS, IMPREGNADOS, RECOBERTOS, ETC";"Papel e cartão revestidos, impregnados, recobertos, etc";"PAPER AND PAPERBOARD COATED, IMPREGNATED, COVERED, ETC."
"3503";"PARTES E APARS.P/INTERRUPCAO,ETC. DE CIRCUITO ELETRICO";"Partes e apars.p/interrupção,etc. de circuito elétrico";"PARTIES AND APPARATUS FOR INTERRUPTION OF ELECTRICAL CI"
"3504";"LACTOSE E XAROPE DE LACTOSE";"Lactose e xarope de lactose";"LACTOSE AND LACTOSE SYRUP"
"3506";"LAMINADORES DE METAIS E SEUS CILINDROS E SUAS PARTES";"Laminadores de metais e seus cilindros e suas partes";"COLD FORMING OF METALS AND THEIR DRUMS"
"3509";"PARTES E ACESS.DE APARELHOS DE GRAVACAO/REPROD.DO SOM";"Partes e acess.de aparelhos de gravacao/reprod.do som";"PARTS AND ACCESSORIES OF APPARATUS FOR RECORDING / REPR"
"3511";"OBJETOS DE VIDRO PARA USO DOMESTICO OU ORNAMENTACAO";"Objetos de vidro para uso doméstico ou ornamentação";"OBJECTS OF GLASS FOR HOUSEHOLD USE OR ORNAMENTAL"
"3513";"OLEOS ACIDOS DE REFINACAO E ACIDOS GRAXOS INDUSTRIAIS";"Óleos ácidos de refinação e ácidos graxos industriais";"ACID OILS FROM REFINING AND FATTY ACIDS INDUSTRIAL"
"3515";"PARTES E ACESS.DE MOTOCICLETAS,BICICLETAS E OUTS.CICLOS";"Partes e acess.de motocicletas, bicicletas e outs.ciclo";"PARTS AND ACCESSORIES FOR MOTORCYCLES, BICYCLES AND OTH"
"3516";"LAMPADAS, TUBOS ELETRICOS E FAROIS";"Lâmpadas, tubos elétricos e faróis";"LAMPS, TUBES AND ELECTRICAL HEADLAMPS"
"3518";"PARTES E ACESS.P/APARS.DE RAIOS X,OUTS.RADIACOES,ETC.";"Partes e acess.p/apars.de raios x,outs.radiações,etc.";"PARTS AND APPARATUS FOR X-RAY ACESS.PARA, OTHER RADIATI"
"3519";"PARTES E ACESS.P/INSTRUM.E APARS.P/NAVEGACAO";"Partes e acess.p/instrum.e apars.p/navegação";"PARTS FOR NAVIGATION APPARATUS"
"3520";"LENTES PARA OCULOS E LENTES DE CONTATO";"Lentes para óculos e lentes de contato";"SPECTACLES AND CONTACT LENSES"
"3521";"LIVROS, REVISTAS, JORNAIS E IMPRESSOS SEMELHANTES";"Livros, revistas, jornais e impressos semelhantes";"BOOKS, MAGAZINES, NEWSPAPERS AND SIMILAR PRINTED"
"3522";"HIDROXIDO DE SODIO (SODA CAUSTICA)";"Hidróxido de sódio (soda cáustica)";"SODIUM HYDROXIDE (CAUSTIC SODA)"
"3525";"LOUCAS E OUTS.ARTIG.DE PORCELANA,USO DOMEST.HIGIEN,TOUC";"Louças e outs.artig.de porcelana,uso domést.higien,touc";"CROCKERY OF POTTERY, HYGIENE, TOILET"
"3530";"MAQUINAS E APARELHOS P/FABR.IND.DE ALIMENTOS E BEBIDAS";"Máquinas e aparelhos p/fabr.ind.de alimentos e bebidas";"MACHINES AND APPARATUS FOR PLANTS FOR FOOD AND BEVERAGE"
"3531";"POLIMEROS ACRILICOS EM FORMAS PRIMARIAS";"Polímeros acrílicos em formas primárias";"ACRYLIC POLYMERS IN PRIMARY FORMS"
"3532";"MAQUINAS E APARS.P/MOLDAR BORRACHA/PLASTICO,SUAS PARTES";"Máquinas e apars.p/moldar borracha/plástico,suas partes";"MACHINERY AND EQUIPMENT P / RUBBER OR PLASTIC MOULDING"
"3533";"PREPARACOES QUIMICAS PARA USOS FOTOGRAFICOS";"Preparações químicas para usos fotográficos";"CHEMICAL PREPARATIONS FOR PHOTOGRAPHIC USES"
"3534";"MAQUINAS E APARELHOS P/TRATAM.DE PEDRA E SUBST.MINERAL";"Máquinas e aparelhos p/tratam.de pedra e subst. mineral";"MACHINERY AND EQUIPMENT P / ABDUCTION TREATMENT OF STON"
"3538";"GORDURAS E OLEOS VEGETAIS HIDROGENADOS, ETC.";"Gorduras e óleos vegetais hidrogenados, etc.";"FATS AND OILS HYDROGENATED VEGETABLES, ETC."
"3540";"GRAFITA ARTIFICIAL";"Grafita artificial";"ARTIFICIAL GRAPHITE"
"3546";"PAINEIS DE PARTICULAS E PAINEIS SEMELHANTES,DE MADEIRA";"Painéis de partículas e painéis semelhantes, de madeira";"PARTICLE BOARD AND SIMILAR BOARDS WOOD"
"3547";"PIGMENTOS OPACIFICANTES/CORES PREPARAD.E PREPARS.SEMELH";"Pigmentos opacificantes/cores preparad.e prepars.semelh";"PIGMENTS OPACIFIERS / COLORS AND SIMILAR PREPARATIONS"
"3548";"PIGMENTOS UTILIZADOS NA FABRICACAO DE TINTAS E TINTURAS";"Pigmentos utilizados na fabricação de tintas e tinturas";"PIGMENTS USED IN MANUFACTURE OF PAINTS AND DYES"
"3551";"QUEIJOS E REQUEIJAO";"Queijos e requeijão";"CHEESE AND CURD"
"3553";"QUEROSENE DE AVIACAO";"Querosene de aviação";"AVIATION FUEL"
"3555";"QUEROSENE, EXCETO DE AVIACAO";"Querosene, exceto de aviação";"KEROSENE, EXCEPT FOR AVIATION"
"3560";"OLEOS COMBUSTIVEIS (OLEO DIESEL,FUEL-OIL,ETC.)";"Óleos combustíveis (óleo diesel,fuel-oil,etc.)";"FUEL OIL (DIESEL, FUEL-OIL, ETC.)"
"3564";"OLEOS LUBRIFICANTES";"Óleos lubrificantes";"LUBRICATING OILS"
"3565";"OLEOS MINERAIS BRANCOS (DE VASELINA/PARAFINA)";"Óleos minerais brancos (de vaselina/parafina)";"WHITE MINERAL OILS (OF VASELINE / PARAFFIN)"
"3566";"OLEOS PARA ISOLAMENTO ELETRICO";"Óleos para isolamento elétrico";"OILS FOR ELECTRICAL INSULATION"
"3567";"FRALDAS DE PAPEL, LENCOS,TOALHAS E ABSORVENTES DE PAPEL";"Fraldas de papel, lenços,toalhas e absorventes de papel";"PAPER NAPKINS, HANDKERCHIEFS, TOWELS AND ABSORBENT PAPE"
"3571";"OLEOS ESSENCIAIS E SEUS SUBPRODUTOS";"Óleos essenciais e seus subprodutos";"ESSENTIAL OILS AND THEIR PRODUCTS"
"3575";"PAPEL JORNAL EM ROLOS OU EM FOLHAS";"Papel jornal em rolos ou em folhas";"NEWSPAPER IN ROLLS AND SHEETS"
"3577";"PARAFINA CONTENDO PESO < 0.75% DE OLEO";"Parafina contendo peso < 0.75% de óleo";"PARAFFIN CONTAINING WEIGHT < 0.75% OF OIL"
"3580";"PAINEIS DE FIBRAS COMPRIMIDAS DE MADEIRA";"Painéis de fibras comprimidas de madeira";"FIBREBOARD COMPRESSED WOOD"
"3581";"PAPEL/CARTAO AUTO-ADESIV.TIRAS/ROLO L<=15CM,FLS<=360MM";"Papel/cartão auto-adesiv.tiras/rolo l<=15cm,fls<=360mm";"PAPER / CARD SELF ADHESIVE STRIPS / ROLLS L <= 15CM, FL"
"3583";"PAPEL CRISTAL/OUTS.PAPEIS CALANDRADOS,ETC.EM ROLOS/FLS.";"Papel cristal/outs.papéis calandrados,etc.em rolos/fls.";"CRYSTAL PAPER / OTHER PAPERS CALANDRA, ETC.EM ROLLS / S"
"3585";"PAPEL FIBRA MEC<=10%,40<=P<=150G/M2,FLS.LADO<=360MM";"Papel fibra mec<=10%,40<=p<=150g/m2,fls.lado<=360mm";"PAPER FIBER MECHANICS <= 10%, 40 <P <= 150G/M2, SIDE SH"
"3600";"PAPEIS,CARTOES E TEXTEIS,FOTOGRAF.SENSIB.NAO IMPRESSION";"Papéis,cartões e têxteis,fotográf.sensib.não impression";"PAPER, PAPERBOARD AND TEXTILES, PHOTOGRAPHIC SENSITIZED"
"3601";"REAGENTES COMPOSTOS DE DIAGNOSTICO/DE LABORATORIO,ETC.";"Reagentes compostos de diagnóstico/de laboratório,etc.";"REAGENTS COMPOSITE DIAGNOSTIC / LABORATORY, ETC."
"3602";"RECIPIENTES DE FERRO/ACO,P/GASES COMPRIMIDOS/LIQUEFEIT.";"Recipientes de ferro/aço,p/gases comprimidos/liquefeit.";"PAPER LAYER MULTIPLA"
"3603";"MASSAS ALIMENTICIAS (MACARRAO, LASANHA, ETC.)";"Massas alimentícias (macarrão, lasanha, etc.)";"PASTA PRODUCTS (MACARONI, LASAGNA, ETC.)"
"3604";"MASTIQUE DE VIDRACEIRO,CIMENTOS DE RESINAS,OUTS.MASTIQ.";"Mastique de vidraceiro,cimentos de resinas,outs.mastiq.";"MASTIC PUTTY, RESIN CEMENTS, OTHER MASTICS"
"3605";"MATERIAS CORANTES ORGANICAS SINTETICAS";"Matérias corantes orgânicas sintéticas";"SYNTHETIC ORGANIC COLORING MATTER"
"3609";"ROLHAS,TAMPAS E ACESSORIOS P/EMBALAGEM,DE METAIS COMUNS";"Rolhas,tampas e acessórios p/embalagem,de metais comuns";"STOPPERS, LIDS AND ACCESSORIES FOR PACKAGING, BASE MET"
"3616";"MOTOCICLETAS";"Motocicletas";"MOTORCYCLES"
"3618";"PREPARACOES ALIMENTICIAS, OUTRAS";"Preparações alimentícias, outras";"PREPARATIONS FOR THE PREPARATION OF BEVERAGES"
"3621";"ACETATOS, NITRATOS, ETERES DE CELULOSE E OUTS.DERIVADOS";"Acetatos, nitratos, éteres de celulose e outs.derivados";"ACETATES, NITRATES, CELLULOSE ETHERS AND OTHER DERIVATI"
"3633";"PRODUTOS DE PADARIA";"Produtos de padaria";"BAKERY PRODUCTS"
"3635";"ONIBUS E OUTROS VEICULOS COM CAPACIDADE >= 10 PESSOAS";"Ônibus e outros veículos com capacidade >= 10 pessoas";"BUSES AND OTHER VEHICLES WITH CAPACITY >= 10 PERSONS"
"3639";"PRODUTOS E PREPARACOES DAS IND.QUIM.OU CONEXAS, OUTROS";"Produtos e preparações das ind.quím.ou conexas, outros";"PRODUCTS AND PREPARATIONS OF THE CHEMICAL OR RELATED, O"
"3641";"PRODUTOS E PREPARACOES TANANTES";"Produtos e preparações tanantes";"TANNING PRODUCTS AND PREPARATIONS"
"3651";"SERVICOS DE MESA E OUTS.ARTIGOS DOMESTICOS, DE PLASTICO";"Serviços de mesa e outs.artigos domésticos, de plástico";"TABLE SERVICES AND OTHER HOUSEHOLD ARTICLES, OF PLASTIC"
"3652";"SILICIOS";"Silícios";"SILICON"
"3653";"SILICONES EM FORMAS PRIMARIAS";"Silicones em formas primárias";"SILICONES IN PRIMARY FORMS"
"3654";"SOBRETUDOS,JAPONAS,GABOES,CAPAS,CASACOS,ETC.USO MASCUL.";"Sobretudos,japonas,gabões,capas,casacos,etc.uso mascul.";"OVERCOAT, JAPANESE, GABO, COVERS, JACKETS, ETC. USING M"
"3655";"PAPEL E CARTAO, PARA ESCRITA,IMPRESSAO OU FINS GRAFICOS";"Papel e cartão, para escrita,impressão ou fins gráficos";"PAPER AND CARD, WRITING, PRINTING ETC"
"3658";"SUETERES, PULOVERES E ARTIGOS SEMELHANTES, DE MALHA";"Suéteres, pulôveres e artigos semelhantes, de malha";"JERSEYS, PULLOVERS AND SIMILAR ARTICLES, KNITTED OR CRO"
"3659";"SULFATO DE AMONIO";"Sulfato de amônio";"AMMONIUM SULFATE"
"3661";"PAPEL E CARTAO KRAFT, EM ROLOS OU EM FOLHAS";"Papel e cartão kraft, em rolos ou em folhas";"KRAFT PAPER AND PAPERBOARD, IN ROLLS OR IN SHEETS"
"3663";"SULFATO DE CROMO";"Sulfato de cromo";"CHROMIUM SULFATE"
"3665";"SULFATO DISSODICO";"Sulfato dissódico";"DISODIUM SULFATE"
"3667";"SUPERFOSFATOS (ADUBOS OU FERTILIZANTES)";"Superfosfatos (adubos ou fertilizantes)";"SUPERPHOSPHATE (FERTILIZERS)"
"3669";"QUADROS E PAINEIS C/APARS.P/COMANDO/DISTRIB.DE ENERGIA";"Quadros e painéis c/apars.p/comando/distrib.de energia";"PANELS W/TABLES AND APPAR. FOR ELETRIC CONTROL/THE DIST"
"3671";"PARAFUSOS,PINOS,PORCAS E ARTEFS.SEMELHS.DE FERRO OU ACO";"Parafusos,pinos,porcas e artefs.semelhs.de ferro ou aço";"BOLTS, PINS, NUTS AND SIMILAR CONTAINERS OF IRON OR STE"
"3674";"PARTES DE CALCADOS";"Partes de calçados";"PARTS OF FOOTWEAR"
"3679";"PARTES E ACESSORIOS DE MAQS.AUTOMAT.P/PROCESS.DE DADOS";"Partes e acessórios de máqs.automát.p/process.de dados";"PARTS AND ACCESSORIES OF MACHINES AUTOMATIC DATA PROCES"
"3681";"PRODUTOS DE PERFUMARIA,DE TOUCADOR E PREPARS.COSMETICAS";"Produtos de perfumaria,de toucador e prepars.cosméticas";"PERFUMERY, AND TOILET COSMETIC PREPARATIONS"
"3686";"ABRASIVOS E PEDRAS PARA AMOLAR E SEMELHANTES";"Abrasivos e pedras para amolar e semelhantes";"ABRASIVES AND STONES AND SIMILAR TO SHARPEN"
"3688";"OBRAS DE MARMORE E GRANITO";"Obras de mármore e granito";"MARBLE AND GRANITE WORKS"
"3695";"PERFIS E FIOS, DE FERRO OU ACOS";"Perfis e fios, de ferro ou aços";"PROFILES AND WIRE OF IRON OR STEEL"
"3701";"TEARES PARA FABRICACAO DE MALHAS, RENDAS, BORDADOS, ETC";"Teares para fabricação de malhas, rendas, bordados, etc";"LOOMS FOR MANUFACTURE OF KNITTING, LACE, EMBROIDERY, ET"
"3703";"TEARES PARA TECIDOS";"Teares para tecidos";"LOOMS FOR FABRICS"
"3705";"TECIDO E FELTRO, UTIL.IZADO EM MAQUINA P/ FABR.DE PAPEL";"Tecido e feltro, utilizado em máquina p/ fabr.de papel";"FLOORS AND WALL TILES"
"3707";"TEREFTALATO DE POLIETILENO";"Tereftalato de polietileno";"POLYETYLENE TEREPHTHALATE"
"3708";"TERNOS";"Ternos";"SUITS"
"3709";"TINTAS DE IMPRESSAO";"Tintas de impressão";"PRINTING INKS"
"3710";"HIDROCARBONETOS E SEUS DERIVADOS HALOGENADOS, ETC.";"Hidrocarbonetos e seus derivados halogenados, etc.";"HYDROCARBONS AND THEIR HALOGENATED DERIVATIVES, ETC"
"3713";"APARELHOS DE TOMOGRAFIA COMPUTADORIZADA";"Aparelhos de tomografia computadorizada";"COMPUTED TOMOGRAPHY APPARATUS"
"3715";"INSTRUMENTOS E APARELHOS DE MEDIDA, DE VERIFICACAO, ETC";"Instrumentos e aparelhos de medida, de verificação, etc";"INSTRUMENTS AND APPLIANCES FOR MEASURING, CHECKING, ETC"
"3717";"TUBOS E SEUS ACESSORIOS, DE PLASTICOS";"Tubos e seus acessórios, de plásticos";"PIPE AND ITS ACCESSORIES, OF PLASTICS"
"3718";"PARTES E PECAS DE AVIOES, HELICOPTEROS,OUTS.VEIC.AEREOS";"Partes e peças de aviões, helicópteros,outs.veíc.aéreos";"PARTS OF AIRPLANES, HELICOPTERS, OTHER AIRCRAFT"
"3722";"PILHAS, BATERIAS E ACUMULADORES ELETRICOS";"Pilhas, baterias e acumuladores elétricos";"BATTERIES, ELECTRICAL BATTERIES AND ACCUMULATORS"
"3724";"PLATAFORMAS DE PERFURACAO OU DE EXPLORACAO, DRAGAS,ETC.";"Plataformas de perfuração ou de exploração, dragas,etc.";"DRILLING OR EXTRACTION RIGS, ETC"
"3725";"POLIAMIDAS EM FORMAS PRIMARIAS";"Poliamidas em formas primárias";"POLYAMIDES IN PRIMARY FORMS"
"3727";"POLICLORETO DE VINILA (PVC)";"Policloreto de vinila (PVC)";"POLYVINYL CHLORIDE (PVC)"
"3729";"POLIMEROS DE ETILENO, PROPILENO E ESTIRENO";"Polímeros de etileno, propileno e estireno";"POLYMERS OF ETHYLENE, PROPYLENE AND STYRENE"
"3731";"TUBOS DE FERRO FUNDIDO, FERRO OU ACO E SEUS ACESSORIOS";"Tubos de ferro fundido, ferro ou aço e seus acessórios";"PIPES OF IRON OR STEEL AND ITS ACCESSORIES"
"3733";"POLIACETAIS E OUTROS POLIETERES, EM FORMAS PRIMARIAS";"Poliacetais e outros poliéteres, em formas primárias";"OTHER POLYESTHERS AND POLYACETALS IN PRIMARY FORMS"
"3735";"POLIFOSFATOS";"Polifosfatos";"POLYPHOSPHATES"
"3737";"POLIMEROS DE ACETATO DE VINILA";"Polímeros de acetato de vinila";"POLYMERS OF VINYL ACETATE"
"3739";"POLIMEROS FLUORADOS";"Polímeros fluorados";"FLUOROPOLYMERS"
"3745";"REFRIGERADORES,CONGELADORES,APARS.SEMELH.PARTES E PECAS";"Refrigeradores,congeladores,apars.semelh.partes e peças";"REFRIGERATORS, FREEZERS AND THE LIKE AND SPARE PARTS"
"3747";"RELOGIO DE PULSO,CX.METAL COMUM,FUNC.ELETR.MOSTR.MECAN.";"Relógio de pulso,cx.metal comum,func.elétr.mostr.mecân.";"WRIST WATCH, BOX METAL JOINT OPERATING ELECTRICAL ENGIN"
"3750";"FIO-MAQUINAS E BARRAS DE FERRO OU ACOS";"Fio-máquinas e barras de ferro ou aços";"HOT-ROLLED AND BARS OF IRON OR STEEL"
"3751";"PREPARACOES E CONSERVAS, DE PEIXES";"Preparações e conservas, de peixes";"PREPARED OR PRESERVED FISH"
"3752";"PREPARACOES E CONSERVAS, DE PERU";"Preparações e conservas, de peru";"PREPARED OR PRESERVED TURKEY MEAT"
"3753";"PREPARACOES LUBRIFICANTES P/TRATAM.MATERIAS TEXTEIS,ETC";"Preparações lubrificantes p/tratam.materias têxteis,etc";"PREPARATIONS FOR TREATMENT OF LUBRICATING MATERIALS TEX"
"3755";"PREPARACOES UTILIZADAS NA ALIMENTACAO DE ANIMAIS";"Preparações utilizadas na alimentação de animais";"PREPARATIONS USED IN FOOD ANIMALS"
"3758";"PRODUTOS HORTICOLAS PREPARADOS/CONSERV.EM ACIDO ACETICO";"Produtos hortícolas preparados/conserv.em acido acético";"VEGETABLES PREPARED OR PRESERVED ACETIC ACID"
"3761";"PRODUTOS LAMINADOS PLANOS DE FERRO OU ACOS";"Produtos laminados planos de ferro ou aços";"FLAT-ROLLED PRODUCTS OF IRON OR STEEL"
"3766";"COMPOSTOS HETEROCICLICOS, SEUS SAIS E SULFONAMIDAS";"Compostos heterocíclicos, seus sais e sulfonamidas";"HETEROCYCLIC COMPOUNDS, AND THEIR SALTS SULFONAMIDES"
"3768";"PRENSAS P/FABR.PAINEL DE PARTICULAS,FIBRAS MADEIRA,ETC.";"Prensas p/fabr.painel de partículas,fibras madeira,etc.";"PRESSES FOR MANUFACTURE OF PARTICLES, FIBERS WOOD,ETC."
"3769";"RESINA DE PETROLEO, DE CUMARONA, ETC, DE FORMA PRIMARIA";"Resina de petróleo, de cumarona, etc, de forma primária";"PETROLEUM RESIN, COUMARONE, ETC, IN PRIMARY FORM"
"3771";"RESINAS EPOXIDAS E POLICARBONATOS";"Resinas epóxidas e policarbonatos";"EPOXY RESIN AND POLYCARBONATE"
"3772";"REVESTIM.DE PAVIMENTOS,ETC.DE POLIMER.DE CLORETO VINILA";"Revestim.de pavimentos,etc.de polímer.de cloreto vinila";"FLOOR COVERING, ETC. DE POLYMERS OF VINYL CHLORIDE"
"3774";"RESISTENCIAS ELETRICAS E PARTES, EXCETO DE AQUECIMENTO";"Resistências elétricas e partes, exceto de aquecimento";"ELECTRICAL RESISTANCE AND PARTS, EXCEPT FOR HEATING"
"3775";"ROBOS INDUSTRIAIS";"Robôs industriais";"INDUSTRIAL ROBOTS"
"3777";"ROLAMENTOS E ENGRENAGENS, SUAS PARTES E PECAS";"Rolamentos e engrenagens, suas partes e peças";"BEARINGS AND GEARS, AND SPARE PARTS"
"3802";"SABOES, PRODUTOS E PREPARACOES, PARA LIMPEZA";"Sabões, produtos e preparações, para limpeza";"SOAP AND PREPARATIONS FOR CLEANING"
"3804";"MONOFENOIS E POLIFENOIS";"Monofenóis e polifenóis";"MONOPHENOLS AND POLYPHENOLS"
"3808";"FERRAMENTAS MANUAIS, PNEUMATICAS, HIDRAULICAS, ETC.";"Ferramentas manuais, pneumáticas, hidráulicas, etc.";"HAND TOOLS, PNEUMATIC, HYDRAULIC, ETC."
"3818";"HORMONIOS NATURAIS, REPROD.POR SINTESE E SEUS DERIVADOS";"Hormônios naturais, reprod.por síntese e seus derivados";"NATURAL HORMONES, PLAY FOR SYNTHESIS AND THEIR DERIVATI"
"3822";"AGENTES DE APRESTO E ACABAMENTO,PARA A INDUSTRIA TEXTIL";"Agentes de apresto e acabamento,para a indústria têxtil";"AGENTS FINISHING, FOR TEXTILE INDUSTRY"
"3824";"MISTURAS DE ALQUILBENZENOS";"Misturas de alquilbenzenos";"MIXED ALKYLBENZENES"
"3826";"LIQUIDOS P/FREIOS HIDRAULICOS,ETC.C/OLEOS PETROLEO<=70%";"Líquidos p/freios hidráulicos,etc.c/óleos petróleo<=70%";"LIQUIDS FOR HYDRAULIC BRAKES, ETC, WITH OIL <= 70%"
"3827";"TRIOXIDO DE MOLIBDENIO";"Trióxido de molibdênio";"MOLYBDENUM TRIOXIDE"
"3828";"TUBO DE BORRACHA VULCANIZADA NAO ENDURECIDA";"Tubo de borracha vulcanizada não endurecida";"TUBE MADE OF VULCANIZED RUBBER"
"3830";"OBRAS DE ALUMINIO, OUTRAS";"Obras de alumínio, outras";"ARTICLES OF ALUMINUM, OTHER"
"3832";"MAQS.AUTOMAT.P/SELECIONAR,DOBRAR, ETC. CORRESPONDENCIAS";"Máqs.automát.p/selecionar,dobrar, etc. correspondências";"AUTOMATIC MACHINES TO SELECT, BEND, LETTERS"
"3835";"UISQUES";"Uísques";"WHISKEY"
"3837";"UREIA MESMO EM SOLUCAO AQUOSA";"Ureia mesmo em solução aquosa";"UREA, INCLUDING IN AQUEOUS SOLUTION"
"3839";"TECIDO ATOALHADO, DE ALGODAO";"Tecido atoalhado, de algodão";"TERRYCLOTH OF COTTON"
"3840";"TECIDOS DE ALGODAO";"Tecidos de algodão";"COTTON FABRICS"
"3842";"DISPOSITIVOS SEMICONDUTORES";"Dispositivos semicondutores";"SEMICONDUCTOR DEVICES"
"3845";"DOCES, GELEIAS, PURES E PASTAS DE FRUTAS";"Doces, geleias, purês e pastas de frutas";"JAMS, JELLIES, PUREES AND PASTES"
"3849";"TECIDOS IMPREGNADOS, REVESTIDOS,ETC, COM PLASTICO";"Tecidos impregnados, revestidos,etc, com plástico";"IMPREGNATED, COATED WITH PLASTIC"
"3851";"TECIDOS DE FIBRAS TEXTEIS, SINTETICAS OU ARTIFICIAIS";"Tecidos de fibras têxteis, sintéticas ou artificiais";"WOVEN TEXTILE FIBRES, SYNTHETIC OR ARTIFICIAL"
"3853";"TECIDOS DE MALHA";"Tecidos de malha";"WOVEN MESH"
"3855";"TINTAS, VERNIZES E PIGMENTOS AQUOSOS";"Tintas, vernizes e pigmentos aquosos";"VARNISHES AND AQUEOUS PIGMENT"
"3857";"TORNEIRAS, VALVULAS E DISPOSITIVOS SEMELH.E SUAS PARTES";"Torneiras, válvulas e dispositivos semelh.e suas partes";"TAPS, VALVES AND SIMILAR DEVICES AND PARTS"
"3859";"TELAS PARA PNEUMATICOS, DE FIOS DE ALTA TENACIDADE";"Telas para pneumáticos, de fios de alta tenacidade";"FABRICS FOR PNEUMATIC, HIGH TOUGHNESS OF YARN"
"3860";"TORNOS PARA TRABALHAR METAIS";"Tornos para trabalhar metais";"LATHES FOR METALS"
"3861";"TUBOS DE ALUMINIO E ACESSORIOS";"Tubos de alumínio e acessórios";"VULCANIZED RUBBER TUBES AND ITS ACCESSORIES"
"3863";"TUBOS DE RAIOS X";"Tubos de Raios x";"X-RAY TUBE"
"3864";"CONSTRUCOES E SUAS PARTES,DE FERRO FUNDIDO,FERRO OU ACO";"Construções e suas partes,de ferro fundido,ferro ou aço";"BUILDINGS AND PARTS, OF IRON OR STEEL"
"3865";"POLIESTERES, OUTROS";"Poliésteres, outros";"POLYESTER, OTHER"
"3866";"TUBOS FLEXIVEIS DE FERRO OU ACO";"Tubos flexíveis de ferro ou aço";"FLEXIBLE PIPES, OF IRON OR STEEL"
"3867";"TUBOS DE COBRE E ACESSORIOS";"Tubos de cobre e acessórios";"COPPER PIPES AND ACCESSORIES"
"3868";"TURBINAS A VAPOR E SUAS PARTES";"Turbinas a vapor e suas partes";"STEAM TURBINES AND PARTS"
"3870";"VASSOURAS, ESCOVAS, PINCEIS E ARTIGOS SEMELHANTES";"Vassouras, escovas, pincéis e artigos semelhantes";"BROOMS, BRUSHES, BRUSH SETS AND SIMILAR ARTICLES"
"3871";"VIDEO-CASSETE E OUTROS APARELHOS VIDEOFONICOS";"Videocassete e outros aparelhos videofônicos";"VIDEO-TAPE AND OTHER VIDEO APPARATUS"
"3873";"VINHO DE UVAS";"Vinho de uvas";"WINE OF GRAPES"
"3875";"VITAMINA C (ACIDO ASCORBICO) E SEUS DERIVADOS";"Vitamina C (ácido ascórbico) e seus derivados";"VITAMIN C (ASCORBIC ACID) AND THEIR DERIVATIVES"
"3877";"VIDRO EM ESFERAS, BARRAS,VARETAS E TUBOS,NAO TRABALHADO";"Vidro em esferas, barras,varetas e tubos,não trabalhado";"GLASS IN BALLS, BARS, RODS AND TUBES, NOT WORKED"
"3879";"VIDRO FLOTADO, DESBASTADO OU POLIDO,EM CHAPAS OU FOLHAS";"Vidro flotado, desbastado ou polido,em chapas ou folhas";"FLOAT GLASS, TRIMMED OR POLISHED, IN SHEETS"
"3881";"VIDROS DE SEGURANCA PARA VEICULOS DE TRANSPORTE";"Vidros de segurança para veículos de transporte";"SAFETY GLASSES"
"3883";"VITAMINA ""E"" E SEUS DERIVADOS";"Vitamina ""E"" e seus derivados";"VITAMIN ""E"" AND THEIR DERIVATIVES"
"3990";"DEMAIS PRODUTOS MANUFATURADOS";"Demais produtos manufaturados";"OTHER MANUFACTURED GOODS"
"4999";"NCM SEM PPI ATRIBUIDO";"NCM sem PPI atribuído";"NCM WITH NO ASSIGNED GROUPING"
